bandwidth,latency,packet_loss,uptime,label
29.56,282.42,7.8,92.59,normal
63.59,208.81,5.31,99.21,normal
24.51,48.77,3.23,99.82,normal
13.79,82.83,0.25,94.94,gangguan
28.0,229.19,1.08,90.96,gangguan
102.69,106.1,7.43,97.03,normal
51.99,246.92,7.62,86.06,normal
89.27,293.24,5.26,94.76,normal
78.28,220.35,7.09,86.03,gangguan
41.29,33.62,5.25,96.73,normal
73.47,142.77,0.2,86.07,normal
107.55,92.51,4.44,99.73,normal
114.02,135.64,2.03,92.14,normal
94.69,141.17,7.2,99.14,normal
79.47,67.94,3.95,92.13,normal
80.59,86.46,0.31,86.2,normal
71.69,61.71,5.87,91.68,gangguan
98.14,295.12,1.26,90.83,normal
135.93,100.08,5.57,95.67,normal
117.6,80.18,6.18,89.95,normal
78.46,167.1,4.69,96.96,normal
39.9,161.73,0.25,98.0,gangguan
125.32,19.97,0.44,86.92,gangguan
11.14,198.54,3.21,95.63,gangguan
60.47,102.14,7.22,87.47,normal
56.03,39.6,4.25,97.15,normal
9.25,33.28,6.63,87.62,normal
51.58,121.21,7.02,95.51,gangguan
57.2,103.83,1.65,91.4,normal
78.34,193.91,2.56,97.22,normal
89.14,207.71,6.96,91.6,normal
83.97,254.22,2.34,94.95,normal
64.29,290.36,7.91,91.06,normal
61.24,255.37,4.74,88.91,gangguan
50.23,6.07,0.51,85.09,normal
53.74,236.04,3.18,89.8,normal
12.51,230.52,6.15,88.59,gangguan
23.19,187.0,7.07,97.43,normal
102.12,122.29,7.82,88.77,normal
17.82,261.62,4.93,90.01,gangguan
18.99,280.16,4.9,89.42,gangguan
43.31,32.6,3.29,98.62,normal
31.98,156.02,1.8,88.46,gangguan
117.33,49.95,1.08,87.01,gangguan
45.83,174.01,5.35,89.89,gangguan
55.8,114.95,2.42,85.69,gangguan
15.5,169.95,4.6,97.75,normal
91.36,31.94,6.54,91.81,gangguan
104.48,137.74,1.19,92.57,normal
31.66,187.25,3.43,93.2,normal
48.74,43.64,4.64,87.29,gangguan
103.26,211.8,0.71,96.7,normal
119.88,280.0,0.3,97.25,normal
53.5,126.08,1.62,85.58,gangguan
73.04,114.29,0.01,85.54,gangguan
103.85,106.26,0.79,88.51,normal
105.04,154.06,1.75,93.23,normal
13.19,69.51,7.11,91.69,gangguan
148.84,158.92,4.94,93.14,normal
134.37,14.95,5.79,88.28,normal
102.45,228.06,4.95,98.93,gangguan
49.12,141.22,0.29,96.53,gangguan
33.53,213.99,4.67,94.33,gangguan
76.25,276.18,2.38,88.15,normal
8.55,101.03,1.92,85.61,gangguan
104.9,62.43,4.14,99.66,normal
49.09,225.89,7.2,99.27,gangguan
16.95,140.23,4.71,95.87,gangguan
43.72,100.72,6.65,88.98,normal
7.02,192.91,3.48,96.96,normal
46.93,89.75,5.69,98.96,gangguan
121.25,64.47,4.61,92.16,normal
87.87,253.48,5.88,98.56,normal
144.15,59.15,2.32,89.4,normal
13.14,215.19,4.5,92.66,normal
51.2,259.78,3.64,89.86,gangguan
102.47,73.13,1.53,99.36,normal
146.24,150.63,7.39,85.56,normal
138.58,68.36,1.18,87.24,normal
134.71,95.68,1.16,94.14,normal
102.98,88.17,0.42,99.75,normal
113.84,211.78,1.46,88.76,normal
10.98,139.9,0.23,92.24,normal
10.75,104.49,4.75,89.4,normal
123.13,208.69,4.08,91.93,normal
96.09,242.9,7.73,89.88,normal
107.17,149.73,2.57,97.03,normal
51.95,123.44,2.0,96.72,normal
125.56,126.7,3.51,96.7,gangguan
57.9,249.97,3.92,93.8,normal
57.59,264.04,5.41,97.21,normal
67.66,167.1,2.78,88.54,normal
131.76,229.79,4.57,99.83,normal
145.75,112.77,3.74,98.73,normal
146.27,82.52,7.83,86.88,normal
19.42,159.68,1.96,88.18,gangguan
36.11,154.76,0.17,88.99,normal
90.52,68.24,1.08,88.45,normal
147.53,279.92,4.71,93.44,gangguan
116.4,27.96,5.88,96.98,normal
94.72,43.6,3.83,93.73,normal
120.42,158.47,5.78,86.54,gangguan
128.88,65.77,6.11,99.94,normal
96.16,228.64,6.49,95.87,gangguan
22.42,11.4,3.1,92.6,gangguan
48.11,218.09,1.93,89.24,normal
8.34,212.72,0.24,85.63,normal
37.18,138.73,5.43,99.72,normal
132.58,36.23,2.6,93.76,normal
34.16,122.25,3.63,95.69,normal
40.04,120.75,4.04,89.89,gangguan
46.81,10.48,0.2,98.56,normal
10.97,176.86,1.65,86.18,gangguan
79.01,175.68,5.11,96.23,normal
118.26,46.24,3.25,94.07,normal
113.87,135.53,2.6,87.67,gangguan
149.42,50.14,5.95,94.13,gangguan
66.81,242.26,7.02,92.09,normal
121.87,224.97,4.92,93.25,normal
54.6,83.76,3.4,91.59,normal
67.28,247.44,1.48,91.85,normal
16.98,104.94,2.52,85.44,gangguan
112.88,81.92,4.59,89.35,normal
87.31,29.53,0.35,92.58,gangguan
48.23,253.8,0.84,92.93,normal
37.47,75.09,7.36,95.86,normal
132.23,241.06,0.85,86.4,normal
110.7,199.41,3.27,87.02,normal
132.23,113.83,4.0,89.45,normal
33.31,147.4,0.01,94.16,gangguan
86.7,277.01,1.78,96.47,normal
24.14,31.71,0.89,92.05,normal
5.08,242.92,5.54,92.99,gangguan
73.72,250.45,5.43,96.91,normal
55.11,217.66,0.42,93.93,normal
56.73,262.31,7.05,97.25,normal
33.96,247.49,3.52,97.27,normal
40.73,175.43,3.52,99.04,normal
52.54,6.15,3.73,99.79,gangguan
49.74,161.91,6.53,89.02,gangguan
102.28,295.75,6.79,86.95,gangguan
42.07,83.65,3.83,96.04,normal
63.54,262.25,5.62,97.56,normal
41.2,250.93,6.99,99.57,gangguan
107.07,31.92,3.94,85.51,gangguan
148.34,210.63,3.71,88.07,normal
67.01,239.36,1.14,95.73,normal
16.16,8.39,7.31,91.47,gangguan
8.18,201.58,5.57,98.52,gangguan
57.57,277.33,7.1,96.12,normal
33.48,28.94,7.92,85.53,normal
52.2,121.6,3.81,98.27,normal
131.47,286.54,4.05,97.01,normal
141.59,127.39,3.74,86.82,normal
105.1,91.19,6.5,99.93,normal
135.42,7.75,0.83,99.7,normal
135.28,141.45,3.57,99.53,gangguan
60.96,48.86,3.31,92.5,normal
96.01,86.97,3.99,89.28,normal
143.75,173.5,2.44,87.34,normal
148.76,124.33,0.44,85.11,normal
146.28,296.71,5.19,97.94,gangguan
100.49,135.37,5.76,90.07,gangguan
39.17,88.62,5.0,86.61,gangguan
107.26,193.62,1.15,98.93,normal
148.46,211.63,2.01,91.14,gangguan
95.97,193.15,0.16,89.59,normal
136.18,86.91,7.57,92.01,normal
53.05,34.3,0.95,98.63,normal
137.07,104.36,4.03,90.12,normal
53.33,292.7,1.74,94.02,normal
111.62,223.97,1.71,85.25,normal
71.02,195.23,1.26,97.68,normal
79.94,268.05,0.61,93.43,gangguan
37.32,82.96,2.45,95.51,gangguan
128.71,134.06,1.36,85.31,gangguan
7.54,143.27,1.4,99.15,normal
108.68,65.55,1.72,98.62,normal
54.58,290.46,2.81,85.51,normal
102.77,15.54,0.52,91.6,normal
25.87,20.39,7.88,93.6,normal
107.99,182.11,1.32,92.21,normal
71.07,14.88,5.61,88.51,normal
50.13,159.63,2.78,97.37,normal
106.65,221.62,4.29,97.49,normal
122.71,160.22,3.49,86.03,normal
58.9,123.77,7.23,93.57,gangguan
131.17,215.53,1.94,87.32,gangguan
31.85,44.29,4.44,99.12,gangguan
143.44,194.88,7.59,93.63,normal
65.87,97.79,0.18,93.46,normal
62.74,288.25,2.32,92.16,normal
57.51,13.91,0.67,93.22,normal
134.59,138.91,6.54,96.65,normal
62.18,249.82,6.78,88.45,gangguan
136.75,39.19,3.96,94.55,normal
71.66,190.62,7.22,94.62,gangguan
95.83,141.15,1.36,85.45,gangguan
107.47,285.41,4.38,94.73,normal
63.02,144.17,5.18,91.03,normal
15.7,272.63,5.92,87.54,normal
34.42,214.23,5.68,91.34,gangguan
91.0,202.62,0.96,87.24,normal
58.5,5.5,5.12,87.92,normal
5.26,112.09,2.89,88.47,normal
36.72,205.38,3.21,92.95,normal
107.68,55.11,7.62,93.05,normal
24.02,273.07,0.49,95.25,normal
109.25,164.82,6.82,89.09,normal
97.68,117.22,0.49,85.49,normal
15.62,200.98,5.77,85.57,gangguan
66.95,20.83,4.16,95.95,normal
11.07,68.34,2.29,97.92,gangguan
81.74,55.73,7.14,97.72,normal
10.43,48.09,7.14,95.81,normal
74.24,223.32,7.26,85.07,gangguan
15.53,298.4,3.83,99.02,normal
46.8,140.19,1.01,89.8,gangguan
101.86,83.54,4.01,96.68,normal
123.15,117.49,0.37,98.41,normal
89.59,116.18,7.94,93.15,normal
35.14,229.59,0.36,88.51,gangguan
145.16,21.9,2.55,92.91,normal
53.4,68.19,5.11,95.02,normal
32.08,108.08,1.18,99.67,normal
17.43,134.76,5.6,98.85,normal
107.63,65.91,2.27,91.53,normal
22.24,129.99,2.5,92.37,normal
121.52,43.85,5.38,90.27,normal
35.36,19.93,1.98,91.37,gangguan
17.18,43.29,3.25,96.72,normal
58.58,228.66,7.94,94.92,normal
5.42,167.04,1.01,87.89,normal
128.09,268.98,7.67,99.35,normal
141.22,243.0,0.62,97.85,normal
79.78,49.34,4.55,93.09,normal
17.93,182.24,6.05,85.34,gangguan
120.7,63.52,2.59,87.03,normal
145.03,235.24,3.12,85.08,gangguan
81.88,99.45,1.36,91.5,normal
46.95,121.64,3.44,95.44,normal
69.76,270.61,1.45,89.07,gangguan
137.93,90.92,3.06,87.97,normal
68.38,121.52,4.82,97.91,normal
133.12,200.88,4.51,96.98,gangguan
113.27,268.35,7.34,90.65,normal
18.79,77.57,1.19,91.43,gangguan
33.47,87.75,6.62,89.67,gangguan
104.23,190.65,4.29,99.41,normal
146.56,6.96,6.28,87.28,normal
79.25,39.83,4.2,99.17,normal
129.4,219.21,5.54,97.48,normal
130.97,107.75,4.31,85.07,normal
91.19,38.01,0.05,88.17,normal
148.01,264.0,7.54,88.86,gangguan
18.41,80.42,6.43,96.25,normal
110.92,107.79,4.66,90.49,gangguan
9.66,256.77,6.62,94.55,normal
26.86,247.19,6.35,86.9,normal
85.98,295.17,3.9,92.99,gangguan
68.74,74.28,2.37,90.43,gangguan
39.89,223.63,6.77,88.4,gangguan
22.46,253.14,3.28,90.21,gangguan
78.77,206.72,2.31,96.37,normal
16.05,145.82,5.12,93.01,normal
31.86,235.57,5.82,99.93,gangguan
140.28,107.35,7.9,99.33,normal
142.79,174.06,3.46,98.35,normal
89.91,268.91,1.49,99.15,normal
126.95,147.13,5.58,86.31,normal
118.79,63.94,4.87,88.27,gangguan
98.81,127.51,1.41,91.0,normal
23.89,154.91,7.27,87.63,normal
18.69,231.71,5.81,86.28,gangguan
45.15,282.74,6.87,90.34,gangguan
95.16,289.32,0.91,95.79,normal
61.77,198.94,4.78,93.85,normal
60.17,288.89,6.24,90.93,gangguan
22.59,242.52,7.48,96.97,gangguan
129.67,257.88,2.55,86.45,gangguan
77.66,183.67,7.14,95.04,normal
38.88,270.58,2.9,96.64,normal
51.2,162.61,5.15,98.63,gangguan
134.5,253.7,1.49,88.92,normal
131.97,36.58,7.44,85.91,gangguan
60.96,281.46,7.59,94.99,gangguan
84.03,208.47,1.04,99.66,normal
90.1,256.62,3.02,86.99,normal
61.57,240.59,5.27,96.67,gangguan
61.55,82.14,7.23,86.17,normal
82.92,31.96,5.06,97.17,normal
120.68,242.67,6.92,87.2,normal
15.87,59.95,2.09,86.82,normal
51.09,274.87,3.33,98.24,normal
135.5,14.12,7.78,88.5,normal
144.17,230.08,4.59,99.39,normal
95.87,192.34,1.65,90.08,normal
120.8,57.0,0.16,91.42,normal
148.86,169.67,1.64,95.12,gangguan
9.34,291.11,5.34,97.19,gangguan
74.58,120.91,2.23,90.36,gangguan
99.47,294.03,2.4,87.38,gangguan
104.43,31.55,4.9,97.64,gangguan
110.03,144.62,0.74,96.6,gangguan
5.34,106.32,3.56,98.53,normal
35.12,277.7,0.5,87.56,gangguan
135.97,237.91,7.42,89.54,gangguan
110.4,153.7,1.78,96.9,gangguan
62.67,68.55,3.17,98.31,normal
110.07,205.4,0.06,95.0,normal
41.26,200.61,2.48,92.07,gangguan
39.75,89.24,4.87,94.32,normal
100.1,49.11,6.6,92.42,normal
29.98,299.18,0.38,94.93,gangguan
100.71,21.67,5.25,97.87,normal
121.05,264.45,4.33,98.52,gangguan
107.22,285.54,1.35,87.01,normal
77.22,153.48,3.18,91.06,normal
21.82,267.51,5.5,99.91,normal
38.75,80.76,0.74,90.59,gangguan
109.41,61.51,3.65,92.47,normal
5.87,223.81,1.83,92.65,normal
29.8,161.1,7.22,92.41,normal
82.64,269.9,1.88,90.09,normal
12.13,10.79,2.91,96.06,normal
131.66,68.68,7.66,91.48,normal
126.15,59.97,1.97,98.8,normal
36.66,65.03,4.6,95.88,gangguan
52.02,250.85,5.3,85.28,normal
53.65,18.79,5.15,96.27,normal
87.95,228.08,3.77,96.91,normal
110.6,170.72,7.2,87.45,normal
110.5,30.87,6.7,91.69,gangguan
93.31,97.27,7.49,90.73,gangguan
113.09,268.96,7.25,91.78,normal
32.03,178.92,0.16,98.23,normal
144.46,112.78,5.1,92.16,gangguan
130.93,224.54,3.14,98.18,normal
15.74,49.76,6.37,85.86,normal
116.22,237.68,5.09,93.85,normal
54.0,27.04,5.72,91.07,normal
59.76,212.43,0.12,91.55,normal
95.1,48.16,6.11,87.93,normal
43.16,124.66,6.17,92.8,normal
148.95,43.65,6.9,99.4,normal
73.98,17.24,2.28,93.78,normal
33.91,156.01,0.54,96.16,gangguan
127.76,168.49,7.24,98.68,normal
137.49,215.03,1.15,85.99,normal
67.76,153.13,2.63,97.97,gangguan
149.87,29.38,3.03,95.36,gangguan
25.94,46.01,0.88,85.24,normal
126.21,111.82,2.22,99.98,normal
142.43,166.45,7.23,99.53,normal
43.0,205.52,4.4,85.83,gangguan
66.79,279.72,6.7,97.7,gangguan
9.13,210.39,7.41,87.45,normal
120.57,214.56,4.83,92.59,gangguan
28.37,136.51,1.83,94.47,normal
49.0,249.62,4.39,99.45,normal
51.29,41.14,3.1,96.86,normal
52.65,277.66,1.15,93.98,normal
67.22,94.76,4.08,86.51,normal
120.97,183.62,3.51,89.59,normal
74.7,129.18,0.34,96.88,normal
93.4,95.43,4.34,91.97,normal
119.13,36.03,4.53,89.58,normal
140.04,115.76,4.78,97.77,normal
98.42,113.16,5.57,91.46,gangguan
119.73,297.17,0.64,96.56,normal
46.92,127.61,0.69,99.66,normal
14.41,187.67,0.84,86.39,normal
32.92,295.49,6.06,85.25,normal
10.39,120.24,7.69,89.25,gangguan
132.8,74.03,2.54,92.32,normal
58.71,128.61,6.67,94.82,normal
101.37,50.79,7.8,96.41,normal
129.26,275.84,1.62,98.42,normal
102.87,185.54,5.47,99.54,gangguan
95.09,16.11,1.72,95.5,gangguan
49.23,246.78,3.25,85.65,normal
34.98,258.83,5.61,86.25,normal
99.75,197.72,1.18,88.73,normal
77.5,57.46,7.54,88.48,normal
127.69,116.71,7.99,99.48,normal
111.96,131.26,5.97,94.99,normal
26.18,286.4,6.77,98.75,normal
72.27,220.5,4.95,85.85,normal
147.07,247.21,6.38,98.03,normal
54.9,101.46,5.41,91.01,gangguan
100.32,88.1,7.75,91.51,normal
33.55,186.61,6.8,94.49,normal
25.01,84.8,7.3,89.65,normal
62.76,272.72,5.17,99.39,gangguan
22.58,280.0,1.49,90.53,normal
83.97,273.97,6.56,98.32,gangguan
75.71,66.9,4.02,98.13,normal
70.28,266.68,4.5,87.6,gangguan
121.81,298.97,7.94,90.29,normal
99.81,112.34,1.51,87.45,normal
124.33,265.17,4.48,89.3,gangguan
145.42,63.01,2.92,91.27,gangguan
51.58,125.21,3.04,93.45,normal
124.93,251.01,4.35,94.1,normal
101.34,93.05,2.1,98.74,normal
91.48,246.36,0.91,86.21,normal
139.86,103.06,3.81,97.43,normal
32.85,289.19,0.02,92.34,gangguan
88.65,10.87,5.16,91.56,gangguan
19.06,278.47,4.9,86.13,gangguan
69.01,18.1,2.77,89.49,normal
102.92,295.11,7.93,88.64,gangguan
34.52,223.82,7.83,91.99,normal
5.44,48.63,5.37,99.45,normal
24.64,39.82,1.21,96.5,normal
110.5,205.95,7.71,85.12,normal
9.95,163.4,4.34,90.13,normal
29.32,177.86,0.81,90.31,gangguan
44.84,29.21,2.58,97.6,normal
36.38,32.85,7.68,96.9,normal
26.12,22.88,5.79,92.35,normal
126.47,155.05,2.04,86.26,normal
100.22,7.02,4.6,85.97,normal
92.36,233.59,6.28,96.62,normal
37.41,206.39,7.52,86.8,gangguan
77.79,284.04,4.89,88.85,normal
75.4,193.38,7.71,86.75,gangguan
46.47,293.9,1.24,85.7,gangguan
49.24,134.04,7.57,85.4,normal
136.44,283.0,0.55,89.72,normal
72.89,201.34,7.85,97.77,normal
13.37,52.34,4.56,95.98,gangguan
16.89,279.83,4.19,87.43,gangguan
21.37,146.2,3.69,92.97,normal
130.68,277.57,5.44,96.03,gangguan
98.74,46.17,0.65,90.45,normal
104.71,267.47,5.6,94.71,gangguan
101.32,256.47,7.89,97.62,gangguan
64.4,71.75,7.77,88.91,gangguan
65.0,296.67,0.24,86.07,normal
127.22,80.8,1.66,85.42,normal
89.41,147.62,5.42,91.57,gangguan
11.15,107.52,3.72,91.42,normal
148.75,175.6,5.88,89.61,normal
127.94,88.0,4.11,87.13,normal
149.5,254.16,1.96,88.37,gangguan
48.25,288.27,6.64,91.71,gangguan
83.11,50.65,0.74,97.17,normal
126.69,243.28,3.97,88.99,normal
60.43,285.41,7.01,89.1,normal
22.02,296.23,5.98,87.71,gangguan
83.61,78.81,2.03,89.76,normal
126.62,30.63,3.05,88.16,normal
28.52,127.49,7.19,89.67,gangguan
148.07,38.71,6.17,86.77,gangguan
43.09,60.88,2.64,89.11,gangguan
124.53,198.28,2.23,85.52,gangguan
25.03,191.43,4.43,86.37,gangguan
119.31,43.67,0.67,89.5,normal
24.07,234.02,5.46,97.76,gangguan
20.09,55.64,7.12,85.74,normal
118.82,165.43,6.52,92.06,normal
131.37,119.83,3.0,90.18,normal
144.35,27.29,3.0,88.84,normal
131.48,25.73,5.31,89.49,gangguan
26.17,79.83,2.35,94.76,normal
59.0,30.44,2.16,87.62,normal
106.85,61.91,7.59,93.25,normal
132.46,103.79,2.4,90.32,normal
68.41,227.58,0.78,91.53,normal
73.52,108.07,4.79,92.73,normal
45.29,90.61,6.64,86.44,gangguan
148.31,39.73,2.4,98.61,normal
147.45,89.92,6.15,97.9,normal
34.86,262.87,1.05,96.89,gangguan
71.85,19.56,3.83,92.89,gangguan
24.57,97.63,5.97,90.57,gangguan
117.76,104.14,7.79,86.49,normal
21.15,234.98,5.12,89.89,normal
88.98,50.57,5.45,99.71,normal
133.93,97.75,7.54,86.87,normal
61.2,182.98,5.59,97.31,normal
117.21,183.35,6.21,92.75,normal
121.96,78.41,3.05,98.79,normal
106.07,276.81,4.66,93.94,gangguan
102.03,180.47,3.77,97.7,normal
95.65,253.21,1.64,99.69,normal
131.89,63.93,6.59,94.69,gangguan
138.27,276.07,2.57,94.65,normal
29.3,124.37,3.1,99.89,normal
10.49,26.83,2.17,91.65,normal
138.65,210.13,1.12,92.04,normal
131.29,133.08,4.94,95.97,gangguan
116.86,63.37,0.57,89.63,normal
140.89,102.08,6.04,98.39,normal
144.71,253.37,7.58,88.59,gangguan
42.04,299.65,1.72,92.42,normal
97.12,250.47,5.17,85.79,normal
92.12,131.24,2.44,92.63,normal
89.03,279.86,6.1,87.71,gangguan
53.47,40.85,5.87,86.93,normal
129.58,202.3,1.78,88.48,normal
120.6,289.23,4.72,86.79,gangguan
82.43,193.75,0.45,88.29,gangguan
19.97,177.91,1.85,99.06,gangguan
16.44,127.35,2.15,95.37,gangguan
52.38,19.49,5.01,88.13,normal
38.05,238.27,3.11,89.68,normal
108.24,46.9,7.98,97.53,normal
16.68,285.92,7.24,99.66,gangguan
88.38,257.61,0.15,93.43,normal
133.97,221.66,0.22,85.85,normal
107.58,141.73,6.35,88.0,normal
6.58,177.58,0.62,99.02,gangguan
49.44,128.49,2.84,97.37,normal
120.27,12.93,7.65,91.83,normal
26.98,285.87,7.62,87.21,gangguan
107.73,255.97,2.82,93.38,normal
135.55,125.45,1.93,96.73,normal
62.18,172.7,3.41,95.0,normal
147.89,232.2,3.51,85.39,normal
127.96,182.61,5.29,92.59,gangguan
147.71,265.55,7.44,91.4,gangguan
19.46,298.04,6.57,99.76,gangguan
7.87,288.13,4.64,89.19,normal
148.93,287.91,3.26,85.5,gangguan
113.97,198.06,0.49,98.02,gangguan
49.56,171.16,5.15,88.74,normal
55.4,61.61,6.2,95.79,normal
27.66,69.85,0.44,87.37,normal
22.04,278.85,6.18,97.21,normal
14.18,105.13,2.06,87.61,gangguan
63.86,197.71,4.74,93.83,normal
18.0,107.38,0.13,90.78,normal
129.92,21.81,3.43,96.52,normal
146.84,245.93,3.05,88.84,normal
30.27,206.7,4.04,96.93,normal
131.66,238.99,1.1,87.26,normal
44.36,285.11,4.75,92.91,normal
89.03,288.85,0.62,95.68,normal
83.4,143.96,5.9,87.34,normal
14.8,249.11,0.38,95.71,normal
126.91,289.77,4.0,93.69,gangguan
135.01,202.68,4.07,96.36,normal
130.22,111.17,1.03,95.83,normal
29.89,102.29,6.88,91.13,gangguan
44.58,228.93,1.2,92.1,gangguan
128.11,52.86,2.89,85.82,normal
124.95,124.47,4.91,93.54,normal
38.78,90.4,7.74,91.97,gangguan
9.98,6.5,0.62,95.64,normal
88.54,227.48,3.42,91.59,normal
130.0,125.73,7.62,96.95,normal
17.38,100.89,1.07,99.63,normal
92.98,246.38,7.94,87.76,normal
28.95,15.67,6.43,95.69,normal
52.2,94.45,7.32,90.57,gangguan
55.99,106.75,1.45,90.4,normal
10.3,296.63,1.01,96.21,normal
29.84,229.79,7.99,92.82,gangguan
14.14,47.32,0.12,93.78,normal
53.6,155.18,2.81,86.91,normal
32.64,216.19,4.9,86.24,gangguan
76.99,138.47,1.89,88.44,normal
34.73,81.41,1.09,98.32,normal
26.87,48.41,7.0,98.26,gangguan
123.79,143.69,0.67,98.34,normal
112.16,44.18,4.28,91.63,normal
86.67,144.57,0.76,96.81,normal
24.29,109.17,2.04,96.76,normal
52.55,100.31,0.88,88.17,gangguan
39.2,122.25,2.36,85.1,normal
95.4,249.69,3.25,96.9,normal
39.86,184.77,2.21,97.83,normal
138.76,261.14,1.64,89.32,normal
20.51,27.56,1.84,91.66,normal
139.54,247.67,3.86,99.26,normal
65.14,203.02,2.2,94.06,normal
73.17,157.36,4.3,85.06,normal
36.94,23.85,5.44,86.27,gangguan
20.94,81.71,4.04,93.22,gangguan
54.12,11.73,7.36,86.43,normal
120.79,7.8,1.9,96.65,normal
46.78,150.07,4.41,85.12,normal
58.26,218.46,7.02,92.26,normal
145.03,186.28,4.89,88.4,gangguan
105.49,136.15,4.8,97.8,gangguan
144.39,129.27,5.82,87.87,normal
8.08,44.56,3.32,93.39,gangguan
119.42,298.99,1.03,89.73,gangguan
78.9,229.82,1.9,96.76,gangguan
33.83,63.22,6.44,90.1,normal
111.25,211.76,4.07,98.75,normal
135.95,268.0,0.29,96.05,normal
50.87,286.36,1.64,94.0,normal
87.86,181.64,3.46,89.34,normal
110.86,45.48,7.81,96.09,normal
47.17,10.72,5.8,92.69,normal
136.93,81.47,2.96,97.72,normal
85.37,5.8,0.47,95.77,normal
144.89,294.47,3.83,95.43,normal
135.89,232.78,7.7,89.6,normal
10.17,31.59,7.49,95.9,normal
10.34,236.52,0.33,87.66,normal
40.25,29.3,2.29,89.22,normal
17.9,36.03,5.11,89.85,normal
90.23,123.32,2.09,85.15,normal
10.01,105.74,4.41,88.31,normal
19.32,80.93,0.8,92.22,normal
99.25,50.94,6.69,90.72,normal
28.3,213.27,2.77,85.26,normal
116.43,43.3,1.44,94.57,normal
19.15,80.62,6.06,92.88,normal
109.99,87.0,3.04,87.94,normal
125.9,194.22,5.84,86.86,gangguan
97.15,86.29,7.76,98.82,normal
37.69,294.51,0.11,94.84,normal
17.32,70.73,7.38,87.93,gangguan
24.7,135.75,1.74,98.48,normal
9.03,249.49,7.85,92.1,gangguan
115.94,232.69,4.23,96.49,normal
135.95,260.18,2.62,89.04,gangguan
66.9,115.87,4.28,88.28,normal
11.57,116.51,7.53,96.97,normal
104.99,260.37,7.37,93.09,normal
141.18,47.86,6.41,96.01,normal
60.02,28.07,0.01,92.31,normal
75.62,76.7,5.62,92.41,normal
148.14,190.93,0.84,88.55,gangguan
60.79,175.23,0.54,95.16,normal
89.73,287.77,1.8,88.53,gangguan
149.8,196.26,2.64,99.72,normal
19.46,253.15,2.67,86.69,gangguan
30.11,135.94,1.06,85.45,normal
25.08,144.45,4.43,99.12,normal
76.12,292.07,2.17,98.32,gangguan
97.91,91.32,5.63,99.17,gangguan
55.15,286.3,7.23,90.27,gangguan
87.49,268.58,1.15,98.72,normal
123.03,248.24,1.47,91.31,normal
58.23,200.91,3.87,98.43,normal
11.89,198.51,0.73,94.84,normal
18.88,213.3,0.92,94.83,normal
64.1,131.39,4.27,93.11,normal
77.08,178.65,7.47,90.81,gangguan
95.41,281.85,5.73,88.26,normal
58.11,83.98,4.29,93.88,normal
58.3,116.23,4.99,97.63,normal
146.75,5.82,7.95,93.58,normal
40.5,143.7,7.16,93.52,normal
99.36,124.79,7.54,87.27,normal
111.29,8.0,3.39,90.97,normal
8.62,208.02,1.2,94.33,gangguan
14.06,91.7,3.57,98.33,normal
21.55,108.53,3.29,87.51,gangguan
72.38,162.75,1.45,90.12,normal
110.92,204.61,6.5,98.72,normal
107.9,133.6,6.24,86.75,gangguan
78.77,167.56,2.48,92.84,normal
115.45,187.03,1.47,87.42,normal
39.63,193.4,6.53,88.01,normal
34.55,23.57,6.35,96.56,normal
21.09,42.26,7.71,85.71,normal
47.72,113.24,6.86,88.68,normal
54.84,120.77,2.13,89.56,normal
40.12,40.38,1.75,95.9,normal
56.32,102.96,4.01,89.22,gangguan
22.41,145.84,5.42,86.72,normal
44.52,241.22,0.26,96.99,gangguan
135.79,37.58,2.59,99.42,normal
29.13,44.28,2.27,87.74,gangguan
5.85,55.7,1.52,92.03,gangguan
144.5,126.76,5.22,85.25,gangguan
51.45,31.36,6.1,86.59,normal
32.95,123.83,0.48,94.42,normal
52.23,244.05,1.76,95.33,normal
32.37,147.69,6.2,91.48,gangguan
85.44,185.7,4.97,85.11,gangguan
108.63,268.89,6.99,95.18,gangguan
56.61,23.28,2.6,91.35,gangguan
64.94,203.0,7.51,99.49,normal
11.06,9.26,6.97,91.33,gangguan
6.69,180.82,2.69,86.57,normal
136.42,196.49,4.14,86.91,normal
98.2,56.31,5.45,85.93,normal
127.62,158.48,3.62,92.35,normal
125.4,289.2,3.67,86.34,normal
17.28,121.35,7.48,99.09,normal
55.41,129.59,0.09,94.79,normal
98.31,269.6,6.83,87.02,normal
32.52,42.74,1.2,88.25,gangguan
63.94,176.89,2.17,98.56,normal
110.21,182.75,7.49,97.86,normal
31.97,221.43,1.75,87.01,normal
93.27,160.0,3.14,92.74,normal
80.02,67.72,2.63,92.89,normal
86.03,194.2,1.83,93.42,gangguan
44.64,285.11,3.93,96.8,normal
143.63,123.56,2.95,95.02,gangguan
47.14,237.84,7.21,86.86,normal
86.56,132.27,7.03,92.53,gangguan
35.28,120.03,2.33,97.61,normal
80.02,42.67,7.11,89.95,gangguan
29.27,38.26,7.75,87.67,normal
10.83,24.04,3.15,95.09,normal
73.51,260.29,3.53,96.36,normal
21.11,75.86,5.91,89.01,normal
141.71,69.8,3.72,87.1,normal
51.43,258.91,5.29,95.58,normal
28.56,107.76,2.94,93.45,normal
44.32,181.53,2.07,92.24,normal
56.93,266.7,6.58,92.55,normal
112.63,274.13,3.45,93.38,gangguan
134.7,260.5,7.3,94.53,normal
74.05,141.5,3.68,85.8,normal
64.97,129.87,1.7,98.33,normal
28.0,284.54,2.62,86.09,normal
129.11,220.29,2.41,93.85,normal
91.26,31.98,7.41,94.32,normal
85.52,250.1,2.63,95.17,gangguan
81.64,175.06,7.28,96.86,normal
149.38,104.72,0.3,98.73,normal
136.0,69.09,4.25,97.83,normal
9.45,268.55,4.77,89.68,gangguan
58.92,172.14,1.98,93.9,gangguan
74.7,45.26,7.4,88.61,normal
140.37,173.94,4.16,96.18,normal
146.29,202.38,4.01,97.39,gangguan
132.66,281.41,0.49,98.66,normal
78.55,237.05,1.84,92.07,normal
114.78,184.25,1.6,97.47,normal
12.24,148.55,4.92,94.07,gangguan
22.72,12.18,0.95,88.04,gangguan
68.88,295.0,0.74,92.9,normal
118.63,79.63,0.38,97.11,normal
122.39,26.95,0.38,90.68,normal
57.88,10.44,1.41,94.85,normal
77.89,157.04,6.31,91.88,normal
93.57,262.0,4.78,98.78,gangguan
112.37,84.08,5.45,85.82,normal
45.24,200.73,2.47,96.47,normal
29.95,206.62,1.76,88.62,gangguan
141.28,216.27,4.6,98.06,normal
25.37,240.51,6.52,87.06,normal
47.85,143.7,3.19,93.81,gangguan
140.3,236.78,4.05,88.12,gangguan
70.47,70.99,6.63,90.67,gangguan
83.06,222.86,5.1,98.37,normal
134.44,275.37,1.34,99.98,normal
53.22,244.51,5.55,96.57,gangguan
39.57,208.28,4.61,91.46,gangguan
120.86,128.42,7.27,89.07,normal
70.33,234.12,7.24,86.93,normal
96.46,252.0,6.19,93.95,gangguan
126.59,149.07,6.52,88.52,gangguan
119.12,15.25,6.66,94.23,normal
121.34,106.67,6.04,88.0,normal
5.07,109.36,4.3,92.76,normal
108.55,36.05,4.17,87.17,normal
12.33,25.71,6.13,93.37,normal
36.47,207.39,4.16,96.93,gangguan
15.5,234.97,6.5,86.54,normal
97.89,119.9,1.48,85.04,normal
128.83,239.58,5.14,98.49,normal
65.29,212.02,4.92,91.95,normal
88.32,71.33,2.03,89.48,normal
55.93,95.82,5.56,85.35,normal
50.42,268.14,1.93,90.68,gangguan
36.99,180.72,4.52,87.96,gangguan
110.98,10.07,3.76,96.09,normal
73.7,62.55,2.75,93.9,normal
98.07,44.12,7.79,90.6,normal
122.03,97.96,3.77,95.12,normal
126.37,162.47,4.75,90.75,normal
19.64,158.18,3.93,93.71,normal
111.29,29.77,3.13,91.96,normal
123.84,287.2,4.05,85.31,normal
136.55,97.19,1.74,98.1,normal
92.19,276.82,3.79,85.14,normal
120.26,57.48,2.24,90.2,normal
25.7,70.83,4.36,89.22,normal
94.35,42.42,7.69,92.18,normal
31.94,172.2,7.34,92.11,normal
8.17,295.99,0.24,96.31,normal
134.36,166.89,4.02,90.36,normal
83.55,197.24,0.21,88.35,normal
135.65,89.79,3.9,99.31,normal
42.94,20.93,4.61,85.76,gangguan
130.69,131.49,4.91,91.59,normal
97.25,246.29,6.5,94.7,normal
128.88,221.75,3.92,88.82,gangguan
82.08,11.83,5.45,97.65,normal
35.95,66.89,4.26,97.33,normal
84.29,281.65,3.12,88.14,normal
29.29,269.06,7.59,88.49,gangguan
146.22,181.51,5.08,98.03,normal
42.06,31.61,3.55,87.08,normal
15.73,218.93,3.37,95.71,normal
134.18,224.71,2.83,85.94,normal
44.81,235.59,0.65,99.78,gangguan
116.16,106.5,0.52,90.98,normal
39.56,248.36,0.53,97.98,gangguan
136.64,297.77,3.78,92.12,gangguan
77.29,73.38,5.55,91.21,normal
47.96,261.73,4.4,97.88,gangguan
122.22,211.77,2.01,95.86,normal
149.38,9.41,5.7,93.2,normal
10.87,114.21,5.65,94.93,normal
47.01,218.21,0.07,90.38,normal
110.51,188.5,3.42,88.86,gangguan
45.99,297.91,3.01,88.91,normal
121.32,6.5,7.98,96.8,normal
42.74,132.19,7.33,88.96,normal
118.45,111.12,0.73,88.85,normal
101.71,197.73,2.75,97.61,normal
87.55,159.2,2.44,87.79,normal
52.44,268.68,1.91,95.39,normal
40.41,50.56,2.15,96.69,normal
28.72,59.96,5.69,90.0,normal
46.81,53.25,5.74,94.97,normal
46.81,92.27,3.27,99.21,gangguan
94.46,175.65,4.6,96.83,gangguan
139.92,114.5,0.13,87.52,normal
23.06,149.87,1.01,94.67,normal
132.24,46.89,4.44,92.51,gangguan
119.96,119.04,4.54,91.13,gangguan
50.82,42.53,2.54,93.98,normal
42.08,82.45,0.67,95.15,normal
58.16,171.49,6.63,92.34,gangguan
149.24,78.11,2.46,85.12,normal
17.32,175.39,3.62,91.92,gangguan
49.6,265.77,2.41,96.95,gangguan
92.37,229.1,2.03,92.87,gangguan
60.0,278.21,0.29,99.55,normal
25.94,112.42,1.08,93.07,normal
104.66,119.49,4.81,97.17,normal
99.93,265.4,2.31,96.84,normal
50.52,32.63,1.02,92.98,normal
21.32,198.19,7.01,93.61,normal
75.81,212.19,3.16,98.76,normal
68.82,38.08,0.43,96.95,normal
80.69,81.41,2.14,91.66,normal
50.45,164.93,6.45,92.22,normal
72.59,123.36,0.72,90.91,normal
58.24,95.73,6.71,92.96,gangguan
8.7,167.52,3.48,93.65,gangguan
93.64,17.62,7.17,85.06,normal
134.03,102.17,1.61,88.0,normal
69.67,145.85,3.52,93.54,normal
47.45,187.83,7.63,93.35,normal
82.04,179.41,1.23,88.77,gangguan
7.18,101.96,5.71,86.59,normal
90.56,8.11,0.57,90.59,normal
82.55,155.34,1.39,99.16,normal
48.09,288.45,6.02,98.93,normal
122.19,227.57,8.0,95.39,gangguan
128.33,127.22,7.85,96.85,gangguan
7.97,244.92,4.17,99.94,gangguan
30.23,106.86,5.77,99.87,normal
92.44,146.49,7.97,85.35,gangguan
16.95,36.79,1.58,94.66,normal
144.84,60.88,1.61,85.79,gangguan
45.47,176.87,7.33,98.63,normal
7.38,137.11,2.14,96.79,normal
97.98,13.55,1.52,94.79,normal
37.87,125.7,0.76,95.91,normal
149.41,160.36,3.16,98.99,normal
102.67,277.4,4.35,97.14,gangguan
40.61,259.62,4.01,91.87,normal
45.88,187.67,0.52,85.09,normal
125.27,268.82,4.51,93.72,normal
145.63,233.14,1.73,93.16,normal
19.56,285.49,4.78,91.42,normal
96.26,89.05,2.49,91.77,normal
5.23,182.77,1.9,86.86,normal
96.36,34.61,4.84,90.39,normal
107.69,249.69,7.18,91.29,gangguan
114.99,81.19,7.69,89.72,normal
56.39,241.72,4.03,92.41,normal
5.79,10.39,0.87,90.6,normal
34.04,137.21,4.44,92.07,gangguan
74.1,60.79,1.08,88.17,normal
58.12,149.42,2.01,92.03,normal
119.4,6.21,1.07,86.46,normal
20.3,48.21,2.3,87.73,normal
119.03,273.27,5.64,96.19,gangguan
78.21,50.55,5.42,99.89,normal
32.69,68.5,5.63,89.03,gangguan
127.65,175.52,0.31,96.6,normal
5.84,42.64,5.01,86.67,normal
115.49,124.38,4.84,85.85,normal
11.59,112.65,3.88,97.08,normal
79.15,184.32,6.72,97.28,normal
149.34,152.66,4.17,90.79,normal
41.7,156.27,4.63,95.24,gangguan
28.53,135.54,1.78,86.18,gangguan
57.59,119.34,1.72,94.21,normal
109.85,121.15,3.4,95.83,gangguan
124.13,6.34,2.78,91.62,gangguan
55.14,160.16,6.94,89.71,normal
44.31,129.63,6.55,94.67,normal
108.28,228.06,1.77,95.28,normal
18.97,186.89,5.25,86.34,normal
148.91,154.49,7.02,89.31,gangguan
144.67,190.99,0.26,89.07,gangguan
76.04,17.86,2.36,89.17,normal
96.03,30.77,6.32,90.55,normal
61.53,12.43,5.44,98.01,normal
108.65,160.8,2.64,93.17,gangguan
51.96,83.6,5.74,94.9,gangguan
86.07,93.76,7.34,85.11,normal
39.24,246.82,3.86,86.42,normal
75.87,185.92,5.67,89.19,gangguan
146.16,260.42,7.91,85.54,gangguan
120.8,178.87,4.72,93.11,gangguan
54.94,41.19,0.95,88.43,normal
89.54,17.1,1.92,93.42,gangguan
140.44,239.45,4.88,85.43,gangguan
120.46,69.46,7.06,97.61,normal
50.9,133.15,5.5,97.55,normal
94.94,260.84,0.75,87.47,normal
90.94,263.04,4.17,95.35,normal
117.39,99.18,7.02,94.16,normal
50.23,34.17,7.12,90.52,gangguan
112.59,139.14,3.33,88.51,normal
127.52,184.84,1.02,88.11,normal
15.31,88.04,6.99,86.27,gangguan
100.58,216.34,6.12,97.55,normal
92.28,238.76,2.65,93.43,normal
137.3,220.33,0.03,93.31,normal
70.68,225.1,0.5,87.53,normal
12.55,153.47,4.47,98.24,normal
37.4,188.24,0.59,89.9,normal
60.14,208.3,0.36,91.83,normal
124.69,273.1,3.5,89.1,gangguan
112.14,116.89,0.66,95.13,normal
92.13,178.68,1.75,90.09,normal
66.12,46.94,0.4,92.06,normal
138.05,139.7,6.65,90.74,normal
84.72,119.88,2.01,92.92,normal
63.76,8.16,0.08,93.93,normal
28.17,10.88,0.03,99.02,normal
81.51,16.34,5.7,89.26,normal
90.21,81.95,0.32,97.47,normal
147.95,92.45,3.71,85.26,normal
12.25,268.18,2.8,86.58,normal
110.58,289.27,4.58,96.94,gangguan
5.95,166.4,6.88,99.99,gangguan
137.13,151.9,6.62,85.8,normal
103.91,64.26,7.92,94.65,gangguan
61.69,18.85,0.09,97.91,normal
35.72,49.92,6.68,88.73,normal
5.82,162.45,0.4,98.01,normal
19.25,260.17,0.06,85.52,normal
53.34,292.24,1.41,95.69,normal
77.79,95.36,4.87,91.64,normal
84.05,24.05,0.48,88.69,normal
42.67,238.47,1.44,94.82,gangguan
35.66,86.12,4.9,91.28,gangguan
28.17,92.49,5.87,99.41,normal
138.17,53.89,4.09,95.55,normal
149.13,41.46,1.24,86.64,normal
62.43,77.34,6.41,97.97,normal
90.29,52.87,7.34,88.41,normal
138.66,242.33,2.95,85.57,gangguan
148.04,57.96,7.59,93.49,normal
104.47,79.31,7.61,98.61,normal
63.67,38.16,5.8,92.3,normal
86.17,241.18,1.32,93.57,gangguan
46.26,227.77,3.28,90.16,normal
119.0,36.71,1.79,90.74,gangguan
52.64,82.17,5.14,88.96,normal
56.26,56.25,5.06,92.02,gangguan
58.55,93.19,7.19,96.1,gangguan
47.04,173.23,5.53,93.57,normal
129.8,270.31,5.38,99.6,gangguan
23.33,201.09,3.65,96.76,normal
99.07,195.33,2.82,86.3,normal
53.46,279.98,4.34,88.0,normal
122.93,18.23,6.7,89.24,gangguan
85.89,206.68,7.4,96.34,normal
84.91,21.99,0.96,91.47,normal
143.67,156.07,3.86,85.84,normal
142.45,293.86,7.25,93.2,normal
72.19,239.98,5.69,88.74,gangguan
63.13,45.86,1.24,92.15,gangguan
59.03,123.07,0.69,91.96,normal
122.29,103.16,1.89,98.19,normal
56.16,203.82,3.76,87.53,normal
49.16,235.83,4.16,87.41,gangguan
5.67,80.86,6.1,91.6,normal
61.73,95.09,5.06,85.18,normal
124.65,281.46,5.86,86.26,normal
61.02,94.63,0.9,87.38,normal
71.89,233.35,1.69,89.0,normal
83.64,159.6,6.57,93.81,gangguan
58.64,149.73,4.74,91.33,normal
85.8,28.47,6.43,94.39,gangguan
135.83,239.97,1.13,96.9,gangguan
13.75,257.61,6.04,97.18,gangguan
